{
    "none_resp_answer_count": 26,
    "exact_match_accuracy": 0.06666666666666667,
    "llm_check_result_accuracy": 0.06666666666666667,
    "none_llm_check_result_count": 0
}