{
    "none_resp_answer_count": 27,
    "exact_match_accuracy": 0.03333333333333333,
    "llm_check_result_accuracy": 0.03333333333333333,
    "none_llm_check_result_count": 0
}